No,Style Category,Type,Keywords,Primary Colors,Secondary Colors,Effects & Animation,Best For,Do Not Use For,Light Mode ✓,Dark Mode ✓,Performance,Accessibility,Mobile-Friendly,Conversion-Focused,Framework Compatibility,Era/Origin,Complexity,AI Prompt Keywords,CSS/Technical Keywords,Implementation Checklist,Design System Variables
1,Minimalism & Swiss Style,General,"Clean, simple, spacious, functional, white space, high contrast, geometric, sans-serif, grid-based, essential","Monochromatic, Black #000000, White #FFFFFF","Neutral (Beige #F5F1E8, Grey #808080, Taupe #B38B6D), Primary accent","Subtle hover (200-250ms), smooth transitions, sharp shadows if any, clear type hierarchy, fast loading","Enterprise apps, dashboards, documentation sites, SaaS platforms, professional tools","Creative portfolios, entertainment, playful brands, artistic experiments",✓ Full,✓ Full,⚡ Excellent,✓ WCAG AAA,✓ High,◐ Medium,"Tailwind 10/10, Bootstrap 9/10, MUI 9/10",1950s Swiss,Low,"Design a minimalist landing page. Use: white space, geometric layouts, sans-serif fonts, high contrast, grid-based structure, essential elements only. Avoid shadows and gradients. Focus on clarity and functionality.","display: grid, gap: 2rem, font-family: sans-serif, color: #000 or #FFF, max-width: 1200px, clean borders, no box-shadow unless necessary","☐ Grid-based layout 12-16 columns, ☐ Typography hierarchy clear, ☐ No unnecessary decorations, ☐ WCAG AAA contrast verified, ☐ Mobile responsive grid","--spacing: 2rem, --border-radius: 0px, --font-weight: 400-700, --shadow: none, --accent-color: single primary only"
2,Neumorphism,General,"Soft UI, embossed, debossed, convex, concave, light source, subtle depth, rounded (12-16px), monochromatic, tactile","Soft White #E0E5EC, Light Grey #D1D9E6","Pale Blue #A3B1C6, Muted Tones, No pure black","Dual shadow (light + dark), subtle depth, convex/concave effects, slow transitions (300ms), no flat elements","Smart home apps, calculators, music players, concept UIs","Data-heavy dashboards, accessibility-critical apps, dark-only brands",✓ Full,⚠ Challenging,⚡ Excellent,⚠ WCAG AA Only,◐ Medium,◐ Medium,"Tailwind 7/10, Bootstrap 5/10, MUI 5/10",2019,Medium,"Design a neumorphic UI component. Use: soft grey background, dual box-shadows (light top-left, dark bottom-right), rounded corners 12-16px, subtle depth, convex/concave effects. No flat or material-style elements.","box-shadow: 8px 8px 16px #b8bec7, -8px -8px 16px #fff; border-radius: 12px; background: #e0e5ec","☐ Dual shadow applied correctly, ☐ Background matches shadow base, ☐ No harsh edges, ☐ Convex/concave states defined, ☐ AA contrast checked","--bg: #e0e5ec, --shadow-dark: #b8bec7, --shadow-light: #ffffff, --radius: 16px, --depth: 8px"
3,Glassmorphism,General,"Frosted glass, transparent, blurred background, layered, vibrant background, light source, depth, rgba, backdrop-filter","Vibrant backgrounds (#FF6B6B, #4ECDC4, Purple, Blue)","White rgba(255,255,255,0.2), Transparent overlays","Backdrop blur (10-30px), frosted glass, layered cards, vibrant background required, semi-transparent borders","Landing pages, hero sections, SaaS dashboards, modern portfolios, cards","Accessibility-critical apps, performance-sensitive mobile, enterprise tools",✓ Full,✓ Full,⚠ Good,⚠ WCAG AA Only,⚠ Medium,✓ High,"Tailwind 8/10, Bootstrap 6/10, MUI 7/10",2020-2021,Medium,"Design a glassmorphic card component. Use: backdrop-filter blur 10-30px, semi-transparent background rgba, frosted glass effect, subtle border 1px rgba white, vibrant colorful background behind glass. Layered depth.","backdrop-filter: blur(20px); background: rgba(255,255,255,0.15); border: 1px solid rgba(255,255,255,0.3); border-radius: 16px","☐ Vibrant background behind glass, ☐ Backdrop blur applied, ☐ Semi-transparent borders, ☐ Text contrast checked, ☐ Fallback for unsupported browsers","--glass-bg: rgba(255,255,255,0.15), --blur: 20px, --border: rgba(255,255,255,0.3), --radius: 16px"
4,Brutalism,General,"Raw, unpolished, stark, high contrast, plain text, default fonts, visible borders, asymmetric, anti-design, bold","Black #000000, White #FFFFFF, Yellow #FFFF00","Red #FF0000, Pure primaries, No pastels","No transitions, hard shadows, visible grids, raw HTML feel, bold typography, broken grid intentionally","Creative portfolios, art projects, experimental brands, anti-establishment sites","Corporate apps, healthcare, finance, accessibility-critical systems",✓ Full,✓ Full,⚡ Excellent,⚠ WCAG AA,✓ High,◐ Medium,"Tailwind 6/10, Bootstrap 4/10, Custom CSS 10/10",1990s Web,Low,"Design a brutalist website. Use: raw unpolished aesthetic, stark black/white/yellow palette, visible borders, default or bold fonts, asymmetric layouts, hard box shadows, no transitions, grid lines visible. Anti-design intentional.","border: 2px solid #000; box-shadow: 4px 4px 0 #000; font-family: monospace or Arial; no border-radius; raw layout","☐ Hard box shadows, ☐ No rounded corners, ☐ Raw/default fonts, ☐ Visible borders, ☐ High contrast palette, ☐ Asymmetric layout","--border: 2px solid black, --shadow: 4px 4px 0 black, --radius: 0, --font: monospace"
5,Skeuomorphism,General,"Realistic textures, 3D illusion, physical objects, leather, wood, metal, gradients, shadows, reflections, depth","Rich Browns #8B4513, Deep Greens #228B22, Leather, Metal","Gold, Silver, Patina, Natural material colors","Complex gradients, realistic shadows, texture overlays, depth layers, 3D transforms, material textures","Nostalgia apps, music instruments, retro games, calculator apps","Modern clean brands, flat design systems, fast-loading priorities",✓ Full,⚠ Challenging,⚠ Good,◐ Depends,⚠ Medium,◐ Medium,"Custom CSS 10/10, Tailwind 4/10",Pre-2013,High,"Design a skeuomorphic interface. Use: realistic textures (leather, wood, metal), 3D depth illusion, complex gradients, material shadows, physical object references. Look like a real-world object.","background: linear-gradient(multiple stops); box-shadow: inset + outset multiple; texture via background-image","☐ Textures applied, ☐ Realistic shadows and highlights, ☐ Material depth illusion, ☐ Gradients match material, ☐ Accessibility still checked","--texture: url(), --gradient: complex multi-stop, --depth: multiple shadows, --highlight: rgba white overlay"
6,Material Design,General,"Cards, elevation, ripple, bold colors, grid, depth, paper metaphor, responsive, FAB, snackbar","Blue #2196F3, Pink #E91E63, Primary + Accent","Surface #FFFFFF, Background #FAFAFA, Error #B00020","Ripple effect, elevation shadows, material motion (enter/exit transitions), responsive breakpoints","Android apps, Google products, web apps, cross-platform systems","Apple ecosystem, luxury brands, artistic unique designs",✓ Full,✓ Full,⚡ Excellent,✓ WCAG AA,✓ High,✓ High,"MUI 10/10, Tailwind 8/10, Bootstrap 7/10",2014,Low,"Design using Material Design 3. Use: card-based layout with elevation, ripple interactions, bold accent colors, FAB for primary action, grid system, typographic hierarchy (Roboto), depth via shadows.","box-shadow: 0 2px 4px rgba(0,0,0,0.12); border-radius: 4px; transition: box-shadow 0.2s; overflow: hidden (ripple)","☐ Elevation levels defined, ☐ Ripple on interactive elements, ☐ Color system (primary/secondary/surface), ☐ Typography scale set, ☐ FAB present","--elevation-1: 0 1px 3px rgba(0,0,0,0.12), --primary: #6200EE, --secondary: #03DAC6, --surface: #fff"
7,Flat Design 2.0,General,"Flat, minimal shadows, simple icons, bold colors, clean typography, UI-forward, Microsoft Fluent, ghost buttons","Bold primary colors, Bright accents","White, Light greys, Pastel supports","Subtle depth (not flat-flat), minimal shadows, clean hover states, smooth transitions, icon-forward","Microsoft products, productivity apps, modern web, mobile apps","Highly decorative brands, luxury, nostalgia",✓ Full,✓ Full,⚡ Excellent,✓ WCAG AA,✓ High,✓ High,"Tailwind 9/10, Bootstrap 9/10, Fluent UI 10/10",2013-Present,Low,"Design a flat UI with depth. Use: bold flat colors, simple iconography, clean sans-serif typography, minimal shadows, ghost buttons, crisp grid. Avoid gradients and heavy decoration. Modern, functional, Microsoft-style.","border-radius: 4px; box-shadow: 0 1px 3px rgba(0,0,0,0.08); icon-size: 24px; font-family: Inter/Segoe UI","☐ Icon system consistent, ☐ Color palette defined, ☐ Ghost + filled button variants, ☐ Hover states minimal, ☐ No gradients","--flat-primary: bold color, --shadow: minimal, --icon-size: 24px, --radius: 4px"
8,Cyberpunk / Neon Noir,General,"Neon glow, dark, futuristic, synthwave, grid, holographic, glitch, electric colors, dystopian, sci-fi","Electric Blue #00FFFF, Hot Pink #FF00FF, Neon Green #00FF00","Black #000000, Dark Navy, Deep Purple #1A001A","Neon glow effects, glitch animation, scanlines, neon text-shadow, pulsing animations, grid overlays","Gaming, entertainment, crypto, NFT, tech brand, sci-fi concepts","Healthcare, finance, accessibility-critical, enterprise, children apps",⚠ Limited,✓ Full,⚠ Good,⚠ WCAG AA,⚠ Medium,◐ Medium,"Tailwind 7/10, Custom CSS 9/10",1980s Future / 2020s,Medium,"Design a cyberpunk UI. Use: neon glow effects (cyan, magenta, green), dark black/purple background, glitch text animation, scanlines, electric color palette, futuristic sans-serif fonts, holographic cards.","text-shadow: 0 0 10px #00FFFF; box-shadow: 0 0 20px #FF00FF; background: #000; color: #00FFFF; animation: glitch","☐ Dark background base, ☐ Neon glow applied, ☐ Glitch effect on key elements, ☐ Scanlines optional, ☐ Color contrast still checked","--neon-blue: #00FFFF, --neon-pink: #FF00FF, --bg: #000011, --glow: 0 0 15px currentColor"
9,Vaporwave / Retrowave,General,"Retro, 80s, synthwave, pink, purple, grid, chrome, retro-futuristic, nostalgia, sunset","Hot Pink #FF6EB4, Purple #8A2BE2, Teal #00CED1","Coral, Lavender, Sunset gradients, Chrome silver","Gradient backgrounds, retro grid, chrome text, VHS effects, star fields, sun graphics, neon borders","Creative portfolios, music, entertainment, retro brands, art projects","Professional services, enterprise, B2B, healthcare",⚠ Limited,✓ Full,⚠ Good,⚠ WCAG AA,⚠ Medium,◐ Medium,"Custom CSS 9/10, Tailwind 6/10",1980s Aesthetic,Medium,"Design a vaporwave aesthetic UI. Use: pink/purple/teal palette, retro 80s grid, sunset gradient backgrounds, chrome metallic text, VHS distortion effects, retro-futuristic fonts, nostalgic visual language.","background: linear-gradient(#FF6EB4, #8A2BE2); font-family: retro; text-shadow: chrome effect; grid overlay","☐ Gradient palette defined, ☐ Retro grid overlay, ☐ Chrome/metallic text, ☐ VHS effects optional, ☐ Nostalgia maintained","--pink: #FF6EB4, --purple: #8A2BE2, --teal: #00CED1, --gradient: sunset"
10,Claymorphism,General,"3D clay, soft inflated, pastel, puffy, rounded extreme, cartoon-like, playful, depth, exaggerated shadows","Pastel Blue #A8D8EA, Pastel Pink #FFB6C1, Pastel Green #B5EAD7","Warm White, Lavender, Mint, Light Yellow","3D clay inflation effect, multiple layered shadows, bright inner glow, extreme border-radius (50px+), playful bouncy animations","Children apps, edtech, playful brands, gaming, food apps, consumer apps","Enterprise, finance, medical, professional tools",✓ Full,✓ Full,⚡ Excellent,✓ WCAG AA,✓ High,✓ High,"Tailwind 8/10, Custom CSS 9/10",2021-2022,Medium,"Design a claymorphic UI component. Use: 3D inflated clay effect, pastel colors, extreme rounded corners 24-50px, multiple layered box-shadows for depth, bright inner glow, playful bouncy animations. Look like clay toys.","border-radius: 32px; box-shadow: 0 8px 0 rgba(0,0,0,0.15), inset 0 -4px 0 rgba(0,0,0,0.1), 0 0 20px rgba(168,216,234,0.5)","☐ 3D inflation effect, ☐ Pastel palette, ☐ Extreme border radius, ☐ Multiple shadow layers, ☐ Bouncy animations, ☐ Inner glow","--clay-radius: 32px, --clay-shadow: layered, --pastels: defined palette, --glow: inner"
11,Aurora / Borealis,General,"Northern lights, gradient mesh, flowing colors, cosmic, ethereal, dreamy, soft glow, animated gradients","Deep Purple #6B2D8B, Teal #00B4D8, Emerald #00C896","Magenta, Soft White, Dark Navy background","Animated gradient mesh, aurora glow, flowing color animations, mesh gradient backgrounds, soft particle effects","Creative apps, portfolios, AI products, wellness, premium brands","Accessibility-critical, enterprise, text-heavy content",✓ Full,✓ Full,⚠ Good,⚠ WCAG AA,⚠ Medium,✓ High,"Tailwind 7/10, Custom CSS 10/10",2022-Present,High,"Design an aurora borealis themed UI. Use: animated mesh gradient background (purple, teal, emerald, magenta), flowing color transitions, soft glow overlays, dark navy base, ethereal dreamy aesthetic.","background: mesh-gradient animated; filter: blur for glow; animation: hue-rotate, color shift","☐ Mesh gradient applied, ☐ Dark base layer, ☐ Animation performance checked, ☐ Text contrast on gradient, ☐ Fallback static gradient","--aurora-1: #6B2D8B, --aurora-2: #00B4D8, --aurora-3: #00C896, --base: #0a0a1a"
12,Monochrome / Greyscale,General,"Black and white, greyscale, minimal color, high contrast, timeless, editorial, photography-forward","Black #000000, White #FFFFFF, Grey #808080","Charcoal #333333, Silver #C0C0C0, Light Grey #F5F5F5","Subtle hover states, greyscale image treatments, clean shadows, sharp typography, no color distractions","Photography portfolios, editorial, news sites, minimal brands","E-commerce (color matters), entertainment, children apps",✓ Full,✓ Full,⚡ Excellent,✓ WCAG AAA,✓ High,◐ Medium,"Tailwind 10/10, Bootstrap 9/10",Timeless,Low,"Design a monochrome greyscale UI. Use: black, white, and grey only palette, high contrast typography, editorial grid layout, photography-forward design. No color accents. Clean and timeless.","color: #000 or #333; background: #fff or #f5f5f5; border: 1px solid #ccc; no color other than greys","☐ No color outside greyscale, ☐ Typography hierarchy strong, ☐ WCAG AAA contrast, ☐ Image treatment greyscale, ☐ Grid editorial","--black: #000, --white: #fff, --grey-mid: #808080, --grey-light: #f5f5f5"
13,Maximalism / Art Deco,General,"Bold, ornate, gold, geometric patterns, luxury, 1920s, decorative, contrast, serif fonts, detailed","Gold #FFD700, Black #000000, Deep Red #8B0000","Cream #FFFDD0, Navy #001F5B, Bronze #CD7F32","Geometric patterns, gold accents, ornate borders, serif headlines, decorative dividers, rich textures","Luxury brands, fashion, jewelry, hotels, premium products, events","Tech startups, functional tools, mobile-first, accessibility-critical",✓ Full,✓ Full,⚠ Good,⚠ WCAG AA,⚠ Medium,✓ High,"Custom CSS 9/10, Tailwind 5/10",1920s,High,"Design an Art Deco luxury UI. Use: gold/black/cream palette, geometric decorative patterns, ornate borders, serif typography, 1920s aesthetic, rich textures and details. Luxury maximalist approach.","font-family: Playfair Display, Cormorant; color: #FFD700; border: ornate; background: rich texture","☐ Geometric patterns, ☐ Gold accent system, ☐ Serif headline font, ☐ Ornate borders/dividers, ☐ Luxury feel maintained","--gold: #FFD700, --black: #000, --cream: #FFFDD0, --font-serif: Playfair Display"
14,Kawaii / Cute Japanese,General,"Cute, pastel, rounded, playful, anime, chibi, soft, candy, bubbly, mascot, J-pop","Soft Pink #FFB7C5, Baby Blue #BDDAF4, Mint #C1F0C1","Lavender #E6CCFF, Peach #FFD5B8, Warm White","Bouncy animations, mascot characters, rounded everything, pastel palette, emoji integration, playful hover states","Children apps, beauty brands, food, gaming, consumer apps","Enterprise, B2B, professional services, finance, healthcare",✓ Full,✓ Full,⚡ Excellent,✓ WCAG AA,✓ High,✓ High,"Custom CSS 9/10, Tailwind 7/10",J-Pop Culture,Medium,"Design a kawaii cute Japanese UI. Use: pastel pink/blue/mint palette, extreme rounded corners, bouncy animations, cute mascot elements, bubbly typography, playful interactions. Adorable and fun.","border-radius: 50px; color: pastel; animation: bounce; font-family: rounded sans-serif; icons: cute style","☐ Pastel palette applied, ☐ Extreme rounding, ☐ Bouncy hover animations, ☐ Mascot/emoji integrated, ☐ Playful font","--pink: #FFB7C5, --blue: #BDDAF4, --mint: #C1F0C1, --radius: 50px, --bounce: cubic-bezier"
15,Memphis / 80s Pop,General,"80s, geometric shapes, primary colors, squiggles, polka dots, confetti, postmodern, bold, playful","Primary Red #FF3333, Yellow #FFFF00, Blue #3333FF","Black outlines, Pink #FF69B4, Green #33CC33","Geometric pattern overlays, bold outlines, confetti animations, shape decorations, zigzag borders","Creative agencies, entertainment, retro brands, events, novelty products","Professional services, healthcare, enterprise, serious content",✓ Full,✓ Full,⚡ Excellent,⚠ WCAG AA,⚠ Medium,◐ Medium,"Custom CSS 9/10, Tailwind 5/10",1980s,Medium,"Design a Memphis 80s pop art UI. Use: primary color palette (red, yellow, blue), geometric shapes (squiggles, dots, triangles), bold black outlines, postmodern layout, playful and chaotic energy. 80s aesthetic.","background: pattern with shapes; border: bold 3px solid; colors: pure primaries; font: bold geometric","☐ Primary color palette, ☐ Geometric shape decorations, ☐ Bold outlines, ☐ Pattern backgrounds, ☐ 80s typography","--primary-red: #FF3333, --primary-yellow: #FFFF00, --primary-blue: #3333FF, --outline: 3px solid #000"
16,Biophilic / Organic,General,"Nature-inspired, organic shapes, earth tones, leafy, botanical, natural textures, sustainable","Forest Green #2D5016, Earth Brown #8B4513, Sage #B2C5A0","Cream #FEFAE0, Terracotta #CC785C, Sky Blue #87CEEB","Organic blob shapes, leaf/nature motifs, subtle textures, smooth organic animations, earthy gradients","Wellness, eco brands, sustainability, health, food, garden","Tech, finance, gaming, entertainment",✓ Full,✓ Full,⚡ Excellent,✓ WCAG AA,✓ High,◐ Medium,"Tailwind 8/10, Custom CSS 9/10",2020s Wellness,Medium,"Design a biophilic nature-inspired UI. Use: earth tones (green, brown, cream, sage), organic blob shapes, botanical motifs, natural textures, sustainable aesthetic. Bring nature indoors through design.","border-radius: organic (blob); color: earth tones; background: subtle texture; shapes: irregular organic","☐ Earth tone palette, ☐ Organic shapes, ☐ Nature motifs, ☐ Subtle textures, ☐ Sustainable feel maintained","--forest: #2D5016, --earth: #8B4513, --sage: #B2C5A0, --cream: #FEFAE0"
17,Luxury / High-End,General,"Premium, gold, dark, elegant, serif, exclusive, sophisticated, refined, minimalist luxury","Deep Black #0A0A0A, Gold #B8860B, Champagne #F7E7CE","Deep Navy #0D1B2A, Platinum #E5E4E2, Dark Wine #722F37","Subtle gold accents, refined animations, elegant transitions, minimal decoration, premium photography","Luxury fashion, jewelry, premium hotels, high-end automotive, exclusive services","Mass market, gaming, children, budget brands",✓ Full,✓ Full,⚡ Excellent,✓ WCAG AA,✓ High,✓ High,"Custom CSS 9/10, Tailwind 6/10",Timeless,Medium,"Design a luxury high-end UI. Use: deep black/dark background, gold/champagne accents, elegant serif typography, refined spacing, premium photography, minimal decoration. Exclusive and sophisticated.","color: #B8860B; background: #0A0A0A; font-family: Cormorant Garamond, Didot; letter-spacing: 0.1em","☐ Dark luxury base, ☐ Gold accent system, ☐ Serif elegant fonts, ☐ Premium imagery, ☐ Refined spacing","--black: #0A0A0A, --gold: #B8860B, --champagne: #F7E7CE, --serif: Cormorant"
18,Nordic / Scandinavian,General,"Functional, minimal, hygge, warm neutrals, wood tones, simplicity, cozy, Nordic design","Off White #F9F6F0, Birch #D4B896, Charcoal #3D3D3D","Muted Blue #6B9EB2, Pine Green #4A7C59, Rust #B5522B","Subtle hover, warm neutral gradients, minimal shadows, clean whitespace, functional typography","Lifestyle brands, furniture, home goods, Nordic products, wellness","Tech-heavy, gaming, entertainment, maximalist brands",✓ Full,✓ Full,⚡ Excellent,✓ WCAG AA,✓ High,◐ Medium,"Tailwind 9/10, Bootstrap 8/10",Nordic Culture,Low,"Design a Nordic Scandinavian UI. Use: warm off-white background, birch wood tones, charcoal text, functional typography, hygge aesthetic, cozy minimal feel, clean grid. Simplicity and warmth.","background: #F9F6F0; color: #3D3D3D; font-family: clean sans-serif; border: subtle; gap: generous","☐ Warm neutral palette, ☐ Wood tone accents, ☐ Functional typography, ☐ Generous whitespace, ☐ Hygge aesthetic","--offwhite: #F9F6F0, --birch: #D4B896, --charcoal: #3D3D3D, --muted-blue: #6B9EB2"
19,Wabi-Sabi / Japanese,General,"Imperfect, natural, transient, earthy, asymmetric, aged, weathered, Japanese aesthetic, wabi-sabi","Warm Grey #9B9B8A, Sand #C4A882, Charcoal #3A3A3A","Rust #A0522D, Celadon #ACE1AF, Ink Black #1C1C1C","Subtle textures (paper, grain), asymmetric layouts, imperfect elements, slow transitions, natural feel","Art, wellness, Japanese culture brands, natural products, mindfulness","Tech, gaming, corporate, entertainment",✓ Full,✓ Full,⚡ Excellent,✓ WCAG AA,✓ High,◐ Medium,"Custom CSS 10/10, Tailwind 6/10",Japanese Philosophy,High,"Design a wabi-sabi Japanese UI. Use: imperfect natural aesthetics, earthy sand/grey/rust palette, asymmetric layouts, paper/grain textures, slow minimal transitions. Embrace imperfection and transience.","background: texture paper; color: warm earthy; layout: asymmetric; border: irregular; font: minimal serif","☐ Earthy palette, ☐ Imperfect/asymmetric elements, ☐ Texture applied, ☐ Minimal animations, ☐ Japanese aesthetic maintained","--sand: #C4A882, --grey: #9B9B8A, --charcoal: #3A3A3A, --texture: paper-grain"
20,Y2K / Early Internet,General,"Y2K, 2000s, chrome, iridescent, pixel fonts, early web, glitter, starfield, gradient text","Iridescent Chrome, Hot Pink #FF1493, Electric Blue #0080FF","Silver, Cyan, Neon Yellow, Lime Green","Chrome gradients, iridescent effects, pixel fonts, glitter/sparkle animations, marquee elements, 3D chrome text","Nostalgia, fashion, music, creative, retro brands","Enterprise, professional services, accessibility-critical",⚠ Limited,✓ Full,⚠ Good,⚠ WCAG AA,⚠ Medium,◐ Medium,"Custom CSS 9/10",2000-2004,Medium,"Design a Y2K early internet UI. Use: iridescent chrome effects, pixel/bubble fonts, hot pink and electric blue, glitter sparkle animations, early web nostalgia, 3D chrome text, metallic gradients.","background: metallic gradient; font: pixel/rounded; color: iridescent; animation: sparkle; text: 3D chrome","☐ Chrome/iridescent effects, ☐ Y2K fonts, ☐ Nostalgia palette, ☐ Sparkle animations, ☐ 2000s feel maintained","--chrome: iridescent gradient, --hotpink: #FF1493, --electric-blue: #0080FF"
21,Dark Mode Native,General,"Dark first, OLED black, reduced eye strain, dark UI, dark theme, night mode","True Black #000000, Dark Grey #121212, Dark Surface #1E1E1E","Accent color (any), White #E0E0E0, Light Grey #9E9E9E","No bright flashes, smooth dark transitions, dim animations, OLED-optimized colors, dark-mode images","Developer tools, media apps, night use apps, professional tools, OLED screens","Daytime-only apps, print design, accessibility-only light contexts",⚠ Limited,✓ Full,⚡ Excellent,✓ WCAG AA,✓ High,◐ Medium,"Tailwind 10/10, MUI 9/10",2019-Present,Low,"Design a native dark mode UI. Use: true black #000 or #121212 background, elevated dark surfaces #1E1E1E/#2D2D2D, light text #E0E0E0, accent color, OLED optimized, reduced contrast hierarchy for dark.","background: #000 or #121212; color: #E0E0E0; surface: #1E1E1E; elevation via lighter surfaces","☐ Dark surface hierarchy, ☐ OLED black base, ☐ Light text on dark, ☐ No pure white (too harsh), ☐ Accent works on dark","--bg: #121212, --surface: #1E1E1E, --text: #E0E0E0, --text-secondary: #9E9E9E"
22,Retro Terminal / CLI,General,"Terminal, command line, monospace, green phosphor, amber, CRT, ASCII, matrix, hacker","Phosphor Green #00FF00, Amber #FFB000, Terminal Black #0D0D0D","Cyan #00FFFF, White #FFFFFF, Red (error) #FF0000","CRT scanline effect, blinking cursor, monospace only, typing animations, command prompt style","Developer tools, hacker aesthetic, retro gaming, programming tools, terminal apps","Consumer apps, mainstream audiences, accessibility-critical, mobile-first",✓ Full,✓ Full,⚡ Excellent,⚠ WCAG AA,⚠ Medium,◐ Medium,"Custom CSS 9/10",1970-1990s,Low,"Design a retro terminal CLI UI. Use: monospace fonts only, phosphor green or amber on black background, CRT scanlines, blinking cursor, command-line aesthetic, ASCII art elements, typing animations.","font-family: monospace; color: #00FF00; background: #000; animation: blink; text-shadow: 0 0 5px #00FF00","☐ Monospace font only, ☐ Dark terminal background, ☐ Phosphor color applied, ☐ CRT effect, ☐ Blinking cursor","--terminal-green: #00FF00, --amber: #FFB000, --bg: #000, --scanline: repeating-linear-gradient"
23,Futuristic / Sci-Fi,General,"HUD, holographic, futuristic, space, sci-fi, data visualization, blueprint, angular, tech","Deep Navy #0A1628, Electric Blue #00D4FF, Cyan #00FFFF","Silver, Red alert #FF4444, Holographic multi-color","HUD overlays, holographic effects, angular clipping, data animations, blueprint grid, tech scan animations","Tech products, space/science, defense UI concepts, gaming, concepts","Consumer mass market, children, accessibility-critical",⚠ Limited,✓ Full,⚠ Good,⚠ WCAG AA,⚠ Medium,◐ Medium,"Custom CSS 9/10",Science Fiction,High,"Design a futuristic sci-fi HUD UI. Use: dark navy background, electric blue/cyan accents, HUD overlay elements, angular clip-path shapes, holographic effects, blueprint grid, tech scan animations. Space-age aesthetic.","clip-path: polygon; border: 1px solid cyan; background: dark navy; animation: scan; text: monospace or sharp","☐ HUD elements, ☐ Angular shapes, ☐ Dark space background, ☐ Electric accent, ☐ Scan animations, ☐ Blueprint grid","--space: #0A1628, --electric: #00D4FF, --cyan: #00FFFF, --hud: clip-path shapes"
24,Gradient / Mesh,General,"Mesh gradient, fluid gradient, vivid, colorful, modern, gradient overlays, CSS gradient art","Purple #8B5CF6, Blue #3B82F6, Pink #EC4899","Orange #F97316, Teal #14B8A6, Multi-color combinations","Animated mesh gradients, CSS conic gradients, radial overlays, blurred color blobs, gradient text","SaaS landing pages, creative portfolios, modern apps, AI products","Text-heavy content, print, accessibility-critical, forms",✓ Full,✓ Full,⚠ Good,⚠ WCAG AA,⚠ Medium,✓ High,"Tailwind 9/10, Custom CSS 9/10",2022-Present,Medium,"Design a vibrant mesh gradient UI. Use: animated or static mesh gradient background (purple, blue, pink), gradient text overlays, colorful blurred blob shapes, modern vivid palette. Eye-catching and modern.","background: conic-gradient or radial blobs; color: white on gradient; backdrop-filter: optional blur","☐ Mesh gradient applied, ☐ Gradient text, ☐ Contrast on gradient checked, ☐ Animation performance, ☐ Fallback","--purple: #8B5CF6, --blue: #3B82F6, --pink: #EC4899, --gradient: mesh"
25,Micro-Interaction Heavy,General,"Micro-interactions, hover effects, animated, interactive, motion design, transitions, feedback loops","Any palette — interaction-defined","Accent for hover, feedback colors","Hover animations, click feedback, scroll-triggered animations, loading states, success/error states","Interactive products, onboarding flows, gamification, engagement-heavy apps","Fast-load critical, SEO pages, content-first sites",✓ Full,✓ Full,⚠ Good,✓ WCAG AA,✓ High,✓ High,"Framer Motion, GSAP, Tailwind 8/10",2020s,High,"Design a micro-interaction heavy UI. Every element should have meaningful hover, click, and state animations. Use: smooth transitions, scale/color feedback, loading states, success/error animations, scroll-triggered reveals.","transition: all 0.2s ease; transform: scale(1.02); animation: on-state-change; will-change: transform","☐ Hover states defined, ☐ Click feedback, ☐ Loading states, ☐ Success/error states, ☐ Scroll animations, ☐ No jank","--transition: 0.2s ease, --scale-hover: 1.02, --feedback-color: accent"
26,Apple Human Interface,General,"Apple, iOS, macOS, SF Pro, blur, translucency, vibrancy, clean, intuitive, SF Symbols","System Blue #007AFF, White #FFFFFF, System Background #F2F2F7","System Grey, Label colors, Tint colors","vibrancy/translucency effects, SF Symbols, smooth spring animations, blur backgrounds, native feel","iOS/macOS apps, Apple ecosystem, consumer apps, productivity tools","Non-Apple platforms, enterprise cross-platform, heavy customization",✓ Full,✓ Full,⚡ Excellent,✓ WCAG AA,✓ High,✓ High,"SwiftUI 10/10, Tailwind 7/10",2013-Present,Low,"Design an Apple HIG compliant UI. Use: SF Pro typography, system blue #007AFF, vibrancy/translucency, SF Symbols icons, iOS-native navigation patterns, spring animations, clean minimal layout.","-webkit-backdrop-filter: blur; font: -apple-system; color: #007AFF; border-radius: 12px; spring animation","☐ SF Pro or system font, ☐ System colors used, ☐ Vibrancy effect, ☐ SF Symbols, ☐ Native navigation patterns","--system-blue: #007AFF, --bg: #F2F2F7, --blur: -webkit-backdrop-filter, --radius: 12px"
27,Windows Metro / Fluent,General,"Windows, Fluent Design, Acrylic, Mica, tile-based, Metro, WinUI, Reveal Highlight","System Accent (any), Grey #767676, Dark #1A1A1A","White, Surface Color, Custom accent","Acrylic blur effect, Mica material, Reveal Highlight on hover, depth layers, motion based on inertia","Windows apps, Microsoft ecosystem, desktop productivity","Web-only, iOS-only, non-Microsoft context",✓ Full,✓ Full,⚡ Excellent,✓ WCAG AA,✓ High,◐ Medium,"WinUI 10/10, Fluent UI 10/10",2012-Present,Low,"Design a Windows Fluent Design UI. Use: Acrylic blur effect, Mica material backgrounds, tile/card layout, Reveal Highlight on hover, depth and motion, Windows system accent color, Segoe UI/Variable font.","backdrop-filter: blur (acrylic); background: rgba semi-transparent; hover: reveal highlight; font: Segoe UI","☐ Acrylic/Mica effect, ☐ Reveal highlight hover, ☐ Tile/card layout, ☐ Depth layers, ☐ Segoe UI font","--acrylic: blur + tint, --reveal: hover highlight, --depth: layers, --font: Segoe UI Variable"
28,Doodle / Illustration-Heavy,General,"Hand-drawn, doodle, illustration, sketch, playful, artsy, custom art","Any bright palette","Cream paper background, Ink outlines","Custom illustrations as UI elements, sketch-style icons, hand-drawn borders, illustration-driven layout","Creative agencies, children, education, personal brands, artsy portfolios","Enterprise, data tools, serious content, performance-critical",✓ Full,✓ Full,⚠ Good,⚠ WCAG AA,⚠ Medium,◐ Medium,"Custom CSS 9/10",Illustration Culture,High,"Design a doodle/illustration-heavy UI. Use: hand-drawn style elements, sketch icons, illustrated backgrounds, paper texture, playful custom art, doodle borders. Illustration is the main design element.","background: paper texture; border: sketch-style; icon-style: hand-drawn; font: handwriting or friendly rounded","☐ Illustrations consistent style, ☐ Paper texture base, ☐ Hand-drawn borders, ☐ Font matches style, ☐ Mobile responsive","--paper: texture bg, --ink: dark outline, --illustration: dominant element"
29,Data Visualization / Dashboard,General,"Data, dashboard, charts, metrics, KPI, analytics, real-time, graphs, tables","Primary Blue #2563EB, Green #16A34A, Red #DC2626","Dark background (dark mode preferred), Neutral greys","Animated charts, real-time updates, data transitions, color-coded metrics, responsive grid for widgets","Analytics dashboards, admin panels, BI tools, monitoring systems","Landing pages, creative portfolios, consumer apps, children",✓ Full,✓ Full,⚡ Excellent,✓ WCAG AA,✓ High,◐ Medium,"Tailwind 9/10, MUI 8/10, D3.js",2010s-Present,Medium,"Design a data dashboard. Use: clear KPI cards, chart components (bar, line, pie), data table, metric indicators, real-time update animations, grid layout for widgets. Analytics-focused, professional.","display: grid; chart: d3 or recharts; color: semantic (green=good, red=bad); font: tabular numbers","☐ KPI cards clear, ☐ Chart types appropriate, ☐ Real-time updates handled, ☐ Color semantics, ☐ Table sortable, ☐ Mobile responsive","--success: #16A34A, --danger: #DC2626, --primary: #2563EB, --chart-grid: #e5e7eb"
30,E-commerce / Conversion,General,"Shop, conversion, CTA, product, cart, checkout, trust, reviews, urgency","Primary Brand Color, CTA Green #22C55E, Trust Blue #2563EB","White background, Light grey #F9FAFB, Red urgency #EF4444","Quick add animations, cart updates, loading states, urgency timers, success feedback","E-commerce, product pages, checkout flows, online stores","Documentation, creative portfolios, developer tools",✓ Full,✓ Full,⚡ Excellent,✓ WCAG AA,✓ High,✓ High,"Tailwind 9/10, Bootstrap 8/10, Shopify 10/10",2010s-Present,Low,"Design an e-commerce product page. Use: product hero image, trust badges, review stars, urgency indicators, clear CTA buttons, cart interaction, fast loading. Conversion-optimized layout.","CTA: high contrast; trust: visible; urgency: red/countdown; layout: F-pattern; font: readable","☐ CTA prominent, ☐ Trust signals, ☐ Urgency elements, ☐ Review system, ☐ Cart feedback, ☐ Mobile checkout","--cta: #22C55E, --trust: #2563EB, --urgency: #EF4444, --bg: #fff"
31,Accessibility-First,General,"WCAG AAA, accessible, screen reader, keyboard nav, ARIA, high contrast, inclusive design","High contrast pairs only (4.5:1 minimum)","Never rely on color alone","Focus indicators always visible, keyboard navigation, ARIA labels, skip links, accessible animations","Government, healthcare, education, public services, enterprise","Decoration-first, animation-heavy (without motion alternatives), color-only indicators",✓ Full,✓ Full,⚡ Excellent,✓ WCAG AAA,✓ High,◐ Medium,"Any framework with accessibility library",2000s-Present,Low,"Design an accessibility-first UI. Use: WCAG AAA contrast ratios, visible focus states, keyboard navigation, ARIA labels, skip links, no color-only indicators, accessible motion (prefers-reduced-motion).","focus: visible; aria-label: present; contrast: 7:1 minimum; keyboard: tab order; motion: prefers-reduced","☐ WCAG AAA contrast, ☐ Focus indicator visible, ☐ ARIA labels, ☐ Skip links, ☐ Keyboard navigable, ☐ Motion alternatives","--focus-color: #005FCC, --min-contrast: 7:1, --outline: 3px solid"
32,Storytelling / Editorial,General,"Scrollytelling, editorial, long-form, narrative, immersive, magazine, prose, journalism","Any editorial palette","Photography-driven, black/white accents","Scroll-triggered reveals, parallax, full-bleed images, pull quotes, chapter navigation","News/media, brand stories, annual reports, marketing sites, long-form","E-commerce, dashboards, apps, data tools",✓ Full,✓ Full,⚠ Good,✓ WCAG AA,⚠ Medium,✓ High,"Tailwind 8/10, Custom CSS 9/10",2015-Present,High,"Design a storytelling editorial UI. Use: scroll-triggered animations, parallax sections, full-bleed photography, pull quotes, magazine-style typography, narrative layout, chapter markers. Immersive reading.","scroll-behavior: smooth; parallax: transform; full-bleed: 100vw; font: editorial serif; section: chapter","☐ Scroll narrative defined, ☐ Photography full-bleed, ☐ Pull quotes, ☐ Chapter navigation, ☐ Mobile readable","--editorial-font: serif, --pull-quote: large, --section: full-bleed, --parallax: transform"
33,SaaS / B2B,General,"Professional, trustworthy, feature-rich, pricing, trial, ROI, enterprise, product-led","Blue #2563EB, Navy #1E3A5F","White, Light grey #F8FAFC, Green success #16A34A","Smooth feature reveals, pricing toggle animations, feature comparison, onboarding flows","SaaS products, B2B platforms, productivity tools, business software","Consumer entertainment, children, artistic projects",✓ Full,✓ Full,⚡ Excellent,✓ WCAG AA,✓ High,✓ High,"Tailwind 9/10, MUI 8/10, Bootstrap 8/10",2010s-Present,Low,"Design a SaaS B2B landing page. Use: professional blue palette, feature highlights, pricing tiers, social proof/testimonials, trial CTA, product screenshot. Trust and conversion focused.","layout: sections with features; CTA: prominent; testimonials: visible; pricing: clear; font: professional","☐ Hero with CTA, ☐ Feature sections, ☐ Social proof, ☐ Pricing table, ☐ Trust signals, ☐ Trial prompt","--primary: #2563EB, --navy: #1E3A5F, --success: #16A34A, --bg: #F8FAFC"
34,Gaming / Esports,General,"Gaming, esports, neon, aggressive, competitive, dynamic, RGB, leaderboard, battle","Neon Green #39FF14, Electric Blue #0066FF, Black #000000","Red #FF0000, Orange #FF6600, Purple #6600FF","RGB animations, aggressive hover effects, particle systems, explosive transitions, leaderboard animations","Gaming sites, esports teams, game launchers, streaming platforms","Healthcare, enterprise, accessibility-critical, children education",⚠ Limited,✓ Full,⚠ Good,⚠ WCAG AA,⚠ Medium,✓ High,"Custom CSS 9/10, Tailwind 6/10",2010s-Present,High,"Design a gaming/esports UI. Use: neon green/blue/black palette, aggressive angular shapes, RGB glow effects, particle system, leaderboard, energy and competitive feel. High-octane visual design.","background: dark; color: neon; box-shadow: neon glow; clip-path: angular; animation: explosive","☐ Dark background, ☐ Neon accents, ☐ Angular shapes, ☐ Aggressive hover, ☐ RGB glow, ☐ Competitive energy","--neon: #39FF14, --electric: #0066FF, --bg: #000, --glow: 0 0 20px #39FF14"
35,Portfolio / Creative,General,"Portfolio, creative, personal, unique, experimental, bold, artistic, self-expression","Brand-specific, typically bold or unique","Accent contrast, Photography","Smooth scroll, project reveals, cursor effects, hover interactions, creative transitions","Designer/developer portfolios, creative agencies, artists, freelancers","Enterprise, B2B, SaaS, accessibility-critical, government",✓ Full,✓ Full,⚠ Good,⚠ WCAG AA,✓ High,✓ High,"Custom CSS 10/10, GSAP, Framer Motion",2010s-Present,High,"Design a creative portfolio UI. Use: bold typography, unique scroll interactions, project case study layout, cursor effects, creative grid, personal brand colors. Showcase work creatively.","cursor: custom; scroll: smooth with GSAP; grid: creative/asymmetric; font: editorial; project: full case study","☐ Personal brand applied, ☐ Project showcases, ☐ Creative transitions, ☐ About section, ☐ Contact prominent","--brand: personal, --grid: creative, --transition: GSAP, --cursor: custom"
36,Mobile-First / PWA,General,"Mobile-first, responsive, touch, PWA, bottom nav, thumb zone, swipe, offline","Any — mobile optimized palette","Touch-safe accent colors","Touch-friendly interactions, swipe gestures, bottom navigation, safe area handling, offline states","Mobile apps, PWA, consumer apps, service workers","Desktop-only tools, complex data apps, print",⚠ Limited,✓ Full,⚡ Excellent,✓ WCAG AA,✓ High,✓ High,"Tailwind 9/10, Ionic, React Native Web",2015-Present,Low,"Design a mobile-first PWA UI. Use: bottom navigation, touch-friendly tap targets (44px min), swipe gestures, thumb zone optimization, offline states, PWA install prompt. Mobile-native feel on web.","min-height: 44px; bottom nav; safe-area-inset; touch-action; swipe: gesture library","☐ 44px tap targets, ☐ Bottom navigation, ☐ Safe area handling, ☐ Offline state, ☐ Swipe gestures, ☐ PWA manifest","--tap-target: 44px, --bottom-nav: fixed, --safe-area: env(safe-area-inset)"
37,Typographic / Text-First,General,"Typography-first, editorial, large type, font-as-design, text hierarchy, variable fonts","Typography-defined palette (often black/white)","Accent for emphasis","Variable font animations, large display type, text mask effects, kinetic typography","Publishing, editorial, news, brand identity, typography-forward design","Icon-heavy UI, complex apps, data tools, illustration-heavy",✓ Full,✓ Full,⚡ Excellent,✓ WCAG AAA,✓ High,◐ Medium,"Custom CSS 9/10, Tailwind 7/10",2015-Present,Medium,"Design a typography-first UI. Typography IS the design. Use: massive display fonts (variable if possible), font as decoration, text hierarchy as grid, kinetic typography animations, minimal or zero imagery.","font-size: clamp(3rem, 10vw, 10rem); font-variation-settings; text-clip mask; overflow: hidden (reveal)","☐ Display font defined, ☐ Type hierarchy clear, ☐ Variable font used, ☐ Text mask effects, ☐ No imagery distraction","--display: massive, --hierarchy: defined, --font: variable, --kinetic: animated"
38,Pastel / Soft Palette,General,"Soft, muted, gentle, pastel, calming, approachable, friendly","Lavender #E6CCFF, Peach #FFDAB9, Mint #C1F0C1","Soft Yellow #FFF9C4, Baby Pink #FFD1DC, Sky Blue #B0E0E6","Gentle hover states, soft transitions, subtle gradients, no harsh shadows","Mental health, wellness, baby products, beauty, education","Finance, data tools, enterprise, gaming",✓ Full,✓ Full,⚡ Excellent,✓ WCAG AA,✓ High,◐ Medium,"Tailwind 8/10, Bootstrap 7/10",2020s Wellness,Low,"Design a pastel soft UI. Use: lavender, peach, mint, baby pink palette, gentle interactions, soft shadows, rounded corners, calming feel. Non-threatening and approachable.","color: pastel palette; border-radius: 16px; shadow: soft; no harsh contrasts","☐ Pastel palette applied, ☐ Soft shadows, ☐ Rounded corners, ☐ Calming transitions, ☐ No harsh elements","--lavender: #E6CCFF, --peach: #FFDAB9, --mint: #C1F0C1, --radius: 16px"
39,Bold / High-Impact,General,"Bold, high impact, large type, strong CTA, aggressive color, statement","Bold primaries, Black, High contrast combinations","Accent for CTA","Bold hover effects, large type reveals, aggressive scale animations, strong click feedback","Marketing, product launches, events, landing pages, advertising","Subtle brands, wellness, accessibility-critical (unless careful)",✓ Full,✓ Full,⚡ Excellent,⚠ WCAG AA,✓ High,✓ High,"Tailwind 9/10, Custom CSS 8/10",2020s-Present,Low,"Design a bold high-impact landing page. Use: massive typography, strong color contrast, aggressive CTA, bold imagery, large-scale layouts. Make a statement. High energy and impactful.","font-size: large; color: high contrast; CTA: prominent; animation: bold; layout: large blocks","☐ Bold type hierarchy, ☐ Strong CTA, ☐ High contrast, ☐ Large imagery, ☐ Impact animations","--bold-type: massive, --cta: high-contrast, --energy: high"
40,Monochromatic Accent,General,"Single accent color, monochromatic, one hue, systematic, disciplined, branded","One primary hue + its shades (100-900 scale)","White/Black, plus shades of single hue","Consistent accent, tint/shade variations, disciplined color use, brand recognition","Brand-focused sites, design systems, SaaS, professional tools","Multi-color brands, entertainment, gaming",✓ Full,✓ Full,⚡ Excellent,✓ WCAG AA,✓ High,◐ Medium,"Tailwind 10/10, MUI 9/10",Timeless,Low,"Design a monochromatic UI using single accent color system. Use: one primary hue with tint/shade scale (100-900), white/black for text, disciplined color use. Brand recognition through color consistency.","color: single hue system; --color-100 through --color-900; accent: mid-range; text: dark/light","☐ Single hue system, ☐ Tint/shade scale defined, ☐ Consistent accent use, ☐ WCAG AA maintained, ☐ Brand color locked","--primary-100 through --primary-900, --accent: mid-hue, --text: #000 or #fff"
41,Illustrated Onboarding,General,"Onboarding, walkthrough, step-by-step, tutorial, illustrated, progress","Primary brand + illustration palette","White background, illustration accents","Step transitions, progress animations, illustration reveals, skip option, completion celebration","Mobile apps, SaaS onboarding, product tutorials, new user flows","Returning users, complex data tools, expert-only tools",✓ Full,✓ Full,⚡ Excellent,✓ WCAG AA,✓ High,◐ Medium,"React + Lottie, Tailwind 8/10",2018-Present,Medium,"Design an illustrated onboarding flow. Use: illustrated step screens, progress indicator, skip option, animated illustration reveals, completion celebration, simple value proposition per step.","progress: step indicator; illustration: per screen; animation: Lottie/CSS; CTA: clear; skip: accessible","☐ Progress indicator, ☐ Illustrations per step, ☐ Skip option, ☐ Completion state, ☐ Mobile responsive, ☐ Step transitions","--steps: defined, --illustration: per screen, --progress: visible, --completion: celebrate"
42,Dark Academia,General,"Dark academic, vintage, library, scholarly, ink, parchment, old books, candlelight, Oxford","Deep Brown #3B1A08, Parchment #F5DEB3, Ink Black #1C1208","Gold #B8860B, Forest Green #355E3B, Deep Red #722F37","Ink reveal animations, candlelight flicker, page turn effects, quill cursor, vintage texture","Educational platforms, book apps, academic sites, writing tools","Tech startups, gaming, children apps, entertainment",✓ Full,✓ Full,⚠ Good,⚠ WCAG AA,⚠ Medium,◐ Medium,"Custom CSS 9/10, Tailwind 6/10",Victorian/Academic,High,"Design a dark academia UI. Use: deep brown/parchment/ink palette, vintage library aesthetic, serif typography, old book textures, scholarly feel. Candlelight atmosphere and academic sophistication.","background: parchment texture; color: ink brown; font-family: Playfair Display, Lora; border: aged","☐ Parchment/dark palette, ☐ Vintage texture, ☐ Serif academic font, ☐ Scholarly feel, ☐ Candlelight atmosphere","--parchment: #F5DEB3, --ink: #1C1208, --brown: #3B1A08, --gold: #B8860B"
43,Space / Cosmic,General,"Space, cosmic, universe, stars, galaxy, nebula, deep space, astronomical","Deep Space Black #050510, Nebula Purple #6B21A8, Star White #F0F0FF","Cosmic Blue #1D4ED8, Nebula Pink #EC4899, Gold star #FFD700","Star field animation, nebula gradient, parallax stars, asteroid movement, cosmic zoom effects","Space tech, aerospace, science, astronomy apps, sci-fi brands","Children casual apps, food, wellness, everyday consumer",✓ Full,✓ Full,⚠ Good,⚠ WCAG AA,⚠ Medium,◐ Medium,"Custom CSS 9/10, Three.js",Timeless,High,"Design a cosmic space-themed UI. Use: deep space black background, nebula gradients (purple, blue, pink), star field animation, cosmic depth, astronomical aesthetic. Wonder and exploration feel.","background: deep black; star-field: animation; nebula: radial-gradient; font: clean on dark; parallax","☐ Star field applied, ☐ Nebula gradient, ☐ Dark space base, ☐ Cosmic depth, ☐ Text readable on dark","--space: #050510, --nebula: purple-blue gradient, --star: #F0F0FF, --gold: #FFD700"
44,Retro Gaming / Pixel Art,General,"Pixel art, 8-bit, 16-bit, retro gaming, chiptune, pixelated, arcade","Classic game palette (NES: limited colors)","Red, Green, Blue pixel primaries","Pixel animations, sprite-style icons, scanline effect, arcade score counter, 8-bit font","Game sites, retro apps, nostalgia products, developer branding","Professional services, healthcare, enterprise, accessibility-critical",✓ Full,✓ Full,⚡ Excellent,⚠ WCAG AA,⚠ Medium,◐ Medium,"Custom CSS 9/10",1970-1990s,Medium,"Design a pixel art retro gaming UI. Use: pixel/bitmap font, sprite-style icons and elements, NES/SNES color palette, scanline effect, 8-bit aesthetic, arcade machine feel, chiptune references.","font-family: pixel; image-rendering: pixelated; background: scanlines; border: pixelated; colors: limited","☐ Pixel font applied, ☐ Pixelated rendering, ☐ Limited color palette, ☐ Scanlines, ☐ Sprite icons, ☐ 8-bit feel","--pixel-font: Press Start 2P, --rendering: pixelated, --palette: NES colors, --scanline: overlay"
45,Fashion / Couture,General,"Fashion, haute couture, runway, magazine, editorial, vogue, luxury fashion","Black #000000, White #FFFFFF, and one strong accent","Gold, Silver, or seasonal trend color","Runway reveal animations, editorial scroll, dramatic full-bleed imagery, fashion week transitions","Fashion brands, luxury retail, haute couture, beauty, lifestyle","Tech tools, data apps, gaming, children",✓ Full,✓ Full,⚡ Excellent,✓ WCAG AA,✓ High,✓ High,"Custom CSS 9/10",High Fashion Culture,High,"Design a haute couture fashion UI. Use: editorial black/white, dramatic full-bleed photography, runway reveal animations, fashion magazine typography, seasonal accent color. High fashion and aspirational.","font: editorial; imagery: full-bleed; color: b/w + accent; animation: reveal, elegant; layout: editorial","☐ Editorial typography, ☐ Full-bleed imagery, ☐ Fashion reveal animations, ☐ B/W palette, ☐ One accent color","--fashion-font: editorial, --imagery: dominant, --accent: seasonal, --reveal: dramatic"
46,Children / EdTech,General,"Children, kids, education, colorful, safe, playful, big buttons, age-appropriate","Primary bright colors: Red, Blue, Yellow, Green","Orange, Purple, supporting bright colors","Bouncy animations, celebration confetti, large tap targets, audio feedback, reward animations","Children apps, educational games, learning platforms, kids products","Enterprise, finance, healthcare, sophisticated adult audiences",✓ Full,✓ Full,⚡ Excellent,✓ WCAG AA,✓ High,◐ Medium,"Tailwind 7/10, Custom CSS 9/10",2010s EdTech,Low,"Design a children educational app UI. Use: bright primary colors, large rounded buttons (min 64px), bouncy animations, celebration effects, simple readable font, age-appropriate imagery. Safe and fun.","font-size: large; border-radius: 50px; color: bright primaries; animation: bounce/celebrate; button: 64px","☐ Bright palette, ☐ Large tap targets 64px+, ☐ Bouncy animations, ☐ Celebration states, ☐ Age-appropriate, ☐ Readable font","--primary: bright, --button-size: 64px, --radius: 50px, --celebrate: confetti"
47,Fintech / Banking,General,"Financial, secure, trustworthy, numbers, charts, clean, professional, regulated","Deep Blue #1E40AF, Green #15803D, White #FFFFFF","Grey #6B7280, Light Blue #DBEAFE, Red (negative) #DC2626","Loading state animations, transaction feedback, chart transitions, secure input states","Banking apps, fintech, investment platforms, payment systems","Entertainment, gaming, children apps, creative portfolios",✓ Full,✓ Full,⚡ Excellent,✓ WCAG AAA,✓ High,✓ High,"Tailwind 9/10, MUI 8/10",2010s-Present,Low,"Design a fintech banking UI. Use: deep blue professional palette, clear financial typography (tabular numbers), transaction history, balance display, security indicators, trust signals. Clean and reliable.","color: professional blue; font: tabular-nums; chart: financial; security: visible indicators","☐ Professional palette, ☐ Tabular numbers, ☐ Transaction list, ☐ Balance display, ☐ Security indicators, ☐ Trust signals","--finance-blue: #1E40AF, --success: #15803D, --danger: #DC2626, --table-num: tabular-nums"
48,Healthcare / Medical,General,"Medical, healthcare, clinical, clean, trustworthy, calming, patient, doctor","Clinical Blue #2563EB, Clinical White #FFFFFF, Clean Green #16A34A","Soft Grey #F3F4F6, Light Blue #EFF6FF, Warning Orange","Calm transitions, clinical clean interactions, loading health states, vital animations","Healthcare apps, medical platforms, patient portals, clinical tools","Gaming, entertainment, children apps, luxury fashion",✓ Full,✓ Full,⚡ Excellent,✓ WCAG AAA,✓ High,◐ Medium,"Tailwind 9/10, MUI 8/10",2010s-Present,Low,"Design a healthcare medical UI. Use: clinical clean white/blue palette, patient-friendly typography, health metrics display, appointment booking, calming professional feel. Trust and clarity paramount.","background: clinical white; color: calming blue; font: clear readable; layout: form-heavy; icons: medical","☐ Clinical palette, ☐ Readable font, ☐ Health metrics, ☐ Form accessibility, ☐ Calming feel, ☐ Trust indicators","--clinical-blue: #2563EB, --white: #fff, --calming: light blue/green, --form: accessible"
49,Real Estate,General,"Property, listing, map, search, luxury homes, floor plan, neighborhood, MLS","Navy #1E3A5F, Gold #B8860B, White #FFFFFF","Warm Grey #F5F5F0, Stone #C2B280","Map animations, gallery transitions, floor plan zoom, neighborhood reveals","Real estate platforms, property listing sites, agent sites","Tech startups, gaming, entertainment",✓ Full,✓ Full,⚡ Excellent,✓ WCAG AA,✓ High,✓ High,"Tailwind 8/10, Bootstrap 7/10",2010s-Present,Low,"Design a real estate property listing UI. Use: navy/gold professional palette, property card grid, map integration, gallery slideshow, floor plan display, search/filter system. Trust and aspiration.","layout: card grid + map split; gallery: full-bleed; search: prominent; color: navy + gold","☐ Property cards, ☐ Map view, ☐ Gallery slideshow, ☐ Search/filter, ☐ Floor plan, ☐ Agent info","--navy: #1E3A5F, --gold: #B8860B, --bg: #F5F5F0, --stone: #C2B280"
50,Travel / Tourism,General,"Adventure, wanderlust, destination, map, culture, explore, vacation, photography-heavy","Sky Blue #0EA5E9, Sand #F0D5A8, Adventure Green #16A34A","Ocean #0284C7, Sunset Orange #F97316, Earth Brown","Map zoom animations, destination reveals, parallax travel photography, weather animations","Travel apps, tourism sites, adventure brands, hotel booking","Enterprise, data tools, medical, finance",✓ Full,✓ Full,⚡ Excellent,✓ WCAG AA,✓ High,✓ High,"Tailwind 8/10, Bootstrap 7/10",2010s-Present,Low,"Design a travel tourism UI. Use: sky blue/sand/green palette, full-bleed destination photography, map integration, parallax hero, destination cards, adventure typography. Wanderlust and exploration.","imagery: full-bleed travel; color: sky + sand; map: integrated; parallax: hero; font: adventurous","☐ Destination hero, ☐ Photography prominent, ☐ Map integration, ☐ Destination cards, ☐ Search/filter, ☐ Mobile booking","--sky: #0EA5E9, --sand: #F0D5A8, --adventure: #16A34A, --sunset: #F97316"
51,Food & Restaurant,General,"Food photography, appetite, warm, restaurant, menu, reservation, culinary, chef","Warm Red #DC2626, Golden Yellow #F59E0B, Rich Brown #92400E","Cream #FEFCE8, Forest Green #15803D, Black #000","Menu transitions, food photography reveal, cart animations, reservation booking, appetite-inducing warmth","Restaurant sites, food delivery, recipe apps, culinary brands","Finance, medical, B2B, enterprise",✓ Full,✓ Full,⚡ Excellent,✓ WCAG AA,✓ High,✓ High,"Tailwind 8/10, Bootstrap 7/10",2010s-Present,Low,"Design a restaurant food UI. Use: warm red/golden/brown palette, appetite-inducing food photography, menu layout, reservation system, chef featured section. Warm and inviting.","color: warm red + golden; imagery: food photography; layout: menu grid; reservation: form; font: warm","☐ Food photography prominent, ☐ Warm palette, ☐ Menu layout, ☐ Reservation form, ☐ Chef section, ☐ Mobile menu","--warm-red: #DC2626, --golden: #F59E0B, --cream: #FEFCE8, --brown: #92400E"
52,Music / Audio,General,"Music player, waveform, equalizer, album art, playlist, streaming, concert, audio visualization","Neon Green #22C55E, Black #000000, White #FFFFFF","Brand-specific, Spotify Green, Audio visualization colors","Waveform animations, equalizer bars, album art transitions, progress bar music, beat-synchronized animations","Music streaming, podcast apps, audio tools, concert ticketing","Finance, medical, enterprise, children education",✓ Full,✓ Full,⚡ Excellent,⚠ WCAG AA,✓ High,◐ Medium,"Custom CSS 9/10, Web Audio API",2010s-Present,Medium,"Design a music audio UI. Use: dark background with neon accent, waveform/equalizer visualization, album art prominent, playlist layout, playback controls, progress bar. Audio-native feel.","background: dark; waveform: canvas/SVG; equalizer: animated bars; album-art: prominent; progress: custom","☐ Waveform visualization, ☐ Equalizer bars, ☐ Album art prominent, ☐ Playback controls, ☐ Playlist layout, ☐ Progress bar","--music-green: #22C55E, --bg: dark, --waveform: animated, --equalizer: bars"
53,Sports & Fitness,General,"Athletic, energy, performance, tracking, competition, workout, movement, stats","Power Red #DC2626, Athletic Black #000000, Energy Yellow #FACC15","Action Blue #2563EB, White, Orange energy #F97316","Progress animations, workout counter, performance metrics, achievement unlocks, energy animations","Fitness apps, sports sites, workout trackers, athletic brands","Wellness/calming, medical, finance, enterprise",✓ Full,✓ Full,⚡ Excellent,✓ WCAG AA,✓ High,✓ High,"Tailwind 8/10, Custom CSS 8/10",2010s-Present,Low,"Design a sports fitness UI. Use: power red/black/yellow palette, energy and performance aesthetic, workout metrics display, progress tracking, achievement system, dynamic typography. Athletic energy.","color: high energy; metric: prominent; progress: animated; achievement: unlock; font: bold athletic","☐ Energy palette, ☐ Workout metrics, ☐ Progress tracking, ☐ Achievement system, ☐ Athletic typography, ☐ Mobile-first","--power: #DC2626, --athletic: #000, --energy: #FACC15, --action: #2563EB"
54,Mental Health / Wellness,General,"Calming, mindfulness, meditation, peaceful, supportive, soft, safe, healing","Calm Blue #7DD3FC, Soft Lavender #DDD6FE, Warm White #FEFCE8","Sage Green #BBF7D0, Peach #FED7AA, Muted Mint","Breathing animation, calming transitions, gentle hover states, no urgent animations, mindful pacing","Mental health apps, meditation, therapy platforms, wellness, self-care","Aggressive brands, gaming, finance, high-stress environments",✓ Full,✓ Full,⚡ Excellent,✓ WCAG AA,✓ High,◐ Medium,"Tailwind 8/10, Custom CSS 8/10",2020s Wellness,Low,"Design a mental health wellness UI. Use: calm blue/lavender/sage palette, breathing animation exercise, gentle interactions, no urgency or harsh elements, supportive tone. Calming and safe.","animation: slow calming; color: soft palette; no: harsh shadows or aggressive colors; pacing: mindful","☐ Calming palette, ☐ Breathing animation, ☐ No urgency, ☐ Gentle interactions, ☐ Supportive copy, ☐ Safe feel","--calm: #7DD3FC, --lavender: #DDD6FE, --sage: #BBF7D0, --pacing: slow"
55,AI / Machine Learning,General,"AI, neural network, machine learning, data streams, nodes, connections, intelligence, futuristic","Deep Purple #6D28D9, Electric Blue #2563EB, Neural Green #10B981","Black, White, Data visualization colors","Neural network animations, data stream effects, node connections, AI thinking animations, data particle systems","AI products, ML platforms, data science tools, tech companies","Children apps, wellness, traditional brands, hospitality",✓ Full,✓ Full,⚠ Good,✓ WCAG AA,⚠ Medium,✓ High,"Tailwind 8/10, D3.js, Custom CSS",2020s AI Era,High,"Design an AI/ML themed UI. Use: deep purple/electric blue palette, neural network node animations, data stream effects, AI thinking indicators, particle systems. Intelligence and future-forward.","animation: neural nodes; data-stream: moving elements; color: purple-blue; graph: network visualization","☐ Neural animation, ☐ Data stream, ☐ Node graph, ☐ AI loading indicator, ☐ Futuristic palette, ☐ Tech typography","--ai-purple: #6D28D9, --electric: #2563EB, --neural: #10B981, --nodes: animated"
56,Productivity / Notion-like,General,"Productivity, notes, tasks, blocks, editor, kanban, focus, second brain","White #FFFFFF, Off-White #F7F6F3, Black #000000","Accent (Blue, Orange, or any), Light Greys","Drag-drop animations, block reveal, kanban card transitions, focus mode, progress bars","Productivity apps, note-taking, task management, collaboration tools","Entertainment, gaming, children, consumer lifestyle",✓ Full,✓ Full,⚡ Excellent,✓ WCAG AA,✓ High,◐ Medium,"Tailwind 9/10, Custom CSS 8/10",2018-Present,Low,"Design a productivity Notion-like UI. Use: clean white/off-white palette, block-based editor, kanban board, task checklist, sidebar navigation, drag-drop interactions. Focus and clarity.","layout: block-based; sidebar: fixed; kanban: drag-drop; font: clean sans-serif; color: minimal accents","☐ Block editor, ☐ Kanban board, ☐ Sidebar navigation, ☐ Task checklist, ☐ Drag-drop, ☐ Focus mode","--white: #fff, --off-white: #F7F6F3, --accent: single, --sidebar: fixed"
57,Social Media / Feed,General,"Feed, timeline, post, story, social, connect, share, like, follow, content-first","Brand-specific (Instagram: pink-orange, Twitter: blue, TikTok: black)","White/Light background, Story gradient","Like animations, story ring, infinite scroll, share sheet, notification badge, loading skeleton","Social platforms, community apps, content sharing, influencer tools","Enterprise, B2B, medical, finance",✓ Full,✓ Full,⚡ Excellent,✓ WCAG AA,✓ High,✓ High,"Tailwind 8/10, Custom CSS 8/10",2010s-Present,Low,"Design a social media feed UI. Use: content-first layout, story rings, like/share interactions, infinite scroll, notification badge, user avatar system. Social and engaging.","feed: card-based; story: circle ring; like: heart animation; infinite-scroll: virtual list; badge: notification","☐ Story rings, ☐ Like animation, ☐ Infinite scroll, ☐ Notification badge, ☐ Avatar system, ☐ Share sheet","--story-ring: gradient, --like: heart, --scroll: infinite, --badge: notification"
58,Developer Tools / IDE,General,"Code, syntax highlighting, terminal, dark, developer, editor, documentation","Dark Background #1E1E1E, Syntax Blue #569CD6, String Orange #CE9178","Comment Grey #6A9955, Keyword Purple #C586C0, Number Green #B5CEA8","Syntax color transitions, cursor blink, code completion animations, diff highlights, linting indicators","Developer tools, code editors, documentation sites, API platforms","Consumer apps, children, healthcare, mainstream B2C",✓ Full,✓ Full,⚡ Excellent,✓ WCAG AA,✓ High,◐ Medium,"Custom CSS 9/10, CodeMirror, Monaco",2000s-Present,Low,"Design a developer tool IDE-style UI. Use: VS Code dark theme colors, syntax highlighting palette, monospace fonts, terminal integration, file tree sidebar, tab bar, code editor main area.","font: monospace; background: #1E1E1E; syntax: colors as defined; terminal: embedded; tabs: multiple","☐ Syntax highlighting, ☐ File tree, ☐ Tab system, ☐ Terminal integration, ☐ Monospace font, ☐ Dark theme","--editor-bg: #1E1E1E, --syntax-blue: #569CD6, --syntax-orange: #CE9178, --mono: monospace"
59,Luxury Real Estate,General,"Luxury property, premium homes, high-net-worth, exclusive, concierge, prestige","Charcoal #1C1C1E, Gold #C9A84C, Champagne #F5E6C8","Deep Navy, Warm White, Stone Grey","Cinematic property tours, gold accent reveals, premium gallery transitions, concierge chat","Luxury real estate, premium property, high-net-worth audience","Budget housing, mass market, casual browsing",✓ Full,✓ Full,⚡ Excellent,✓ WCAG AA,✓ High,✓ High,"Custom CSS 9/10",Luxury Market,High,"Design a luxury real estate UI. Use: charcoal/gold/champagne palette, cinematic full-bleed property photography, gold accent reveals, concierge chat, premium gallery. Exclusive prestige.","color: gold + charcoal; imagery: cinematic; gallery: premium; transition: cinematic; font: serif luxury","☐ Cinematic imagery, ☐ Gold accents, ☐ Luxury typography, ☐ Premium gallery, ☐ Concierge feature, ☐ Prestige feel","--charcoal: #1C1C1E, --gold: #C9A84C, --champagne: #F5E6C8, --serif: luxury"
60,Crypto / Web3,General,"Blockchain, crypto, NFT, DeFi, Web3, token, wallet, decentralized","Dark Purple #1A0533, Electric Blue #00D4FF, Token Gold #FFB800","Matrix Green, Neon Pink, Dark base","Token count animations, blockchain transaction animations, wallet connect, NFT gallery","Crypto exchanges, NFT markets, DeFi platforms, Web3 apps","Healthcare, children, traditional finance, government",⚠ Limited,✓ Full,⚠ Good,⚠ WCAG AA,⚠ Medium,✓ High,"Tailwind 7/10, Custom CSS 8/10",2020s Web3,High,"Design a crypto Web3 UI. Use: dark purple/electric blue/gold palette, blockchain transaction animations, NFT gallery, wallet connect button, token counter, DeFi protocol interface. Futuristic decentralized.","background: dark; accent: electric/gold; animation: blockchain; wallet: connect; NFT: gallery; token: display","☐ Dark base, ☐ Electric accent, ☐ Wallet connect, ☐ Token display, ☐ NFT gallery, ☐ Blockchain animation","--dark-purple: #1A0533, --electric: #00D4FF, --token-gold: #FFB800"
61,Government / Civic,General,"Government, official, accessible, civic, public service, trusted, institutional","Navy Blue #003366, Red #CC0000, White #FFFFFF","Grey #767676, Light Blue #E6F0FF, Flag colors","None or extremely subtle — accessibility first","Government sites, civic platforms, public services, official portals","Entertainment, gaming, luxury, artistic",✓ Full,✓ Full,⚡ Excellent,✓ WCAG AAA,✓ High,◐ Medium,"Bootstrap 9/10, Tailwind 7/10",Institutional,Low,"Design a government civic UI. Use: navy/red/white official palette, accessible layout, clear navigation, official typography, public service forms, WCAG AAA compliance. Trusted and institutional.","color: official palette; font: accessible; form: clear; nav: simple; wcag: AAA; layout: government","☐ Official color palette, ☐ WCAG AAA, ☐ Clear navigation, ☐ Accessible forms, ☐ Official typography, ☐ Trust signals","--navy: #003366, --red: #CC0000, --white: #fff, --wcag: AAA compliant"
62,NFT / Digital Art,General,"Digital art, NFT marketplace, collection, mint, rarity, gallery, collectors","Dark Base, Vivid artwork colors","Gallery white, Rarity highlight colors","Mint animations, rarity reveal, art gallery transitions, collection showcase","NFT marketplaces, digital art platforms, collectors, artists","Enterprise, finance, healthcare, children",⚠ Limited,✓ Full,⚠ Good,⚠ WCAG AA,⚠ Medium,✓ High,"Custom CSS 8/10",2021-Present,High,"Design an NFT digital art marketplace UI. Use: dark gallery aesthetic, artwork as hero, rarity badge system, mint button animation, collection grid, artist profiles. Art-forward curation.","background: dark gallery; artwork: hero; rarity: badge; mint: animated button; grid: collection","☐ Art-forward layout, ☐ Dark gallery base, ☐ Rarity system, ☐ Mint animation, ☐ Collection grid, ☐ Artist profile","--gallery-dark: base, --rarity: highlight, --mint: CTA, --collection: grid"
63,Startup / Growth Hacking,General,"Startup, growth, viral, product hunt, launch, metrics, conversion, early adopter","Gradient Purple-Blue, Orange CTA #F97316","White, Light grey, Product Hunt orange","Viral share animations, referral counter, launch countdown, viral loop flows","Startup launches, product hunt listings, growth tools, viral products","Enterprise legacy, government, healthcare, conservative industries",✓ Full,✓ Full,⚡ Excellent,✓ WCAG AA,✓ High,✓ High,"Tailwind 9/10, Custom CSS 8/10",2010s-Present,Low,"Design a startup launch page. Use: bold gradient (purple-blue), orange CTA, countdown timer, waitlist form, viral referral mechanics, early adopter messaging. Growth-focused and energetic.","gradient: purple-blue; CTA: orange; countdown: live; waitlist: prominent; referral: viral loop","☐ Hero with CTA, ☐ Countdown timer, ☐ Waitlist form, ☐ Referral system, ☐ Social proof, ☐ Viral loop","--gradient: purple-blue, --cta-orange: #F97316, --countdown: live, --waitlist: prominent"
64,Minimalist Dark,General,"Dark minimal, refined dark, sophisticated dark, understated, premium dark UI","Charcoal #18181B, Zinc #27272A, White #FAFAFA","Single subtle accent (any), Zinc-400 for secondary","Subtle dark hover states, refined transitions, no harsh glows, elegant dark interactions","Developer tools, premium SaaS, dark-preferred audiences, creative tools","Consumer mainstream, children apps, healthcare, government",⚠ Limited,✓ Full,⚡ Excellent,✓ WCAG AA,✓ High,◐ Medium,"Tailwind 9/10, shadcn/ui",2020s,Low,"Design a minimalist dark UI. Use: charcoal/zinc dark palette, refined subtle interactions, single accent color, understated elegance. Not cyberpunk — sophisticated and clean dark.","background: #18181B; surface: #27272A; color: #FAFAFA; accent: single; no harsh glow; subtle transitions","☐ Charcoal base, ☐ Zinc surfaces, ☐ Single accent, ☐ Subtle hover, ☐ No harsh glow, ☐ Refined typography","--bg: #18181B, --surface: #27272A, --text: #FAFAFA, --accent: single subtle"
65,Retro Futurism,General,"Retrofuturism, atomic age, space age optimism, 1950s-60s future, chrome, rocket, optimistic future","Atomic Orange #FF6B35, Chrome Silver, Space Blue #1B4F72","Cream #FFF8E7, Rocket Red, Mint #98D8C8","Rocket launch animations, chrome reflections, atomic age transitions, retro-optimistic interactions","Brand heritage, creative projects, retro brands, concept designs","Modern tech startups, gaming, enterprise",✓ Full,✓ Full,⚡ Excellent,⚠ WCAG AA,⚠ Medium,◐ Medium,"Custom CSS 9/10",1950s-60s Imagined Future,High,"Design a retrofuturism UI. Use: 1950s-60s imagined future aesthetic, atomic orange/chrome/space blue palette, rocket-age optimism, chrome reflections, retro-futuristic typography. Past's vision of the future.","color: atomic orange + chrome; font: retro-futuristic; chrome: metallic gradient; rocket: motifs","☐ Atomic age palette, ☐ Chrome effects, ☐ Retro-futuristic font, ☐ Space age motifs, ☐ Optimistic aesthetic","--atomic-orange: #FF6B35, --chrome: metallic, --space-blue: #1B4F72, --cream: #FFF8E7"
66,Zen / Meditation,General,"Zen, minimalism, meditation, silence, emptiness, ma (negative space), calm, peace","White #FFFFFF, Stone #8B8680, Bamboo #7C9A5E","Sand, Water blue, Black ink","Breathing animations only, extreme stillness, delayed interactions, silence-first design","Meditation apps, zen brands, mindfulness, spiritual wellness","High-urgency apps, e-commerce, gaming, social media",✓ Full,✓ Full,⚡ Excellent,✓ WCAG AAA,✓ High,◐ Medium,"Custom CSS 10/10",Zen Buddhism,High,"Design a zen meditation UI. Use: white/stone/bamboo palette, extreme negative space (ma), breathing animation, delayed minimal interactions, silence-first design. Use as little as possible. Emptiness is the point.","white-space: dominant; animation: breathing only; color: stone + white; text: minimal; silence: by design","☐ Extreme whitespace, ☐ Minimal elements, ☐ Breathing animation, ☐ No urgency, ☐ Stone/white palette, ☐ Ma (space) principle","--white: dominant, --stone: #8B8680, --bamboo: #7C9A5E, --ma: negative space"
67,Holographic / Iridescent,General,"Holographic, iridescent, rainbow, shifting colors, chrome, opal, pearlescent","Rainbow spectrum shifting, Chrome #E8E8E8, Deep Dark base","Opal iridescent, Pearl white, Prismatic colors","Holographic shine animation, CSS hue-rotate, prism effect, iridescent border, color-shift hover","Fashion tech, beauty, premium brands, AR/VR, futuristic","Traditional brands, government, healthcare, accessibility-critical",⚠ Limited,✓ Full,⚠ Good,⚠ WCAG AA,⚠ Medium,✓ High,"Custom CSS 10/10",2022-Present,High,"Design a holographic iridescent UI. Use: rainbow color-shifting effects, CSS hue-rotate animation, prismatic borders, holographic card shine, opal/pearlescent surfaces. Shifting colors and light.","animation: hue-rotate 3s infinite; background: linear-gradient rainbow; border: iridescent; filter: hue-rotate","☐ Hue-rotate animation, ☐ Rainbow gradient, ☐ Prismatic borders, ☐ Shine effect, ☐ Dark base, ☐ Color-shift hover","--holo: hue-rotate animation, --rainbow: gradient, --prism: border, --opal: surface"
68,Minimalist Mobile (iOS),Mobile,"iOS, minimal, clean, native iOS, system fonts, gestures, haptics, iOS HIG","iOS Blue #007AFF, White #FFFFFF, System Background","iOS Grey, Separator, Label colors","iOS spring animations, haptic feedback references, swipe gestures, tab bar, modal sheets","iOS apps, mobile-first experiences, iPhone optimization","Android-first, cross-platform generic, desktop",✓ Full,✓ Full,⚡ Excellent,✓ WCAG AA,✓ High,✓ High,"SwiftUI 10/10, React Native 8/10",iOS HIG,Low,"Design an iOS-native mobile UI. Use: iOS system blue #007AFF, SF Pro Rounded font, tab bar navigation, modal sheets, swipe gestures, iOS spring animations, system colors. Native iPhone feel.","font: SF Pro; color: #007AFF; tab-bar: native; modal: sheet; spring: animation; swipe: gesture","☐ Tab bar, ☐ iOS system colors, ☐ SF Pro font, ☐ Modal sheets, ☐ Swipe gestures, ☐ Spring animations","--ios-blue: #007AFF, --bg: system, --font: SF Pro, --spring: animation"
69,Material You (Android),Mobile,"Material You, Android 12+, dynamic color, personal, adaptive, Google","Dynamic color (user-defined), M3 baseline","Tonal palette auto-generated from wallpaper","Ripple, material motion, color extraction, tonal elevation, dynamic color schemes","Android apps, Wear OS, Google ecosystem","iOS-only, cross-platform generic, non-Google",✓ Full,✓ Full,⚡ Excellent,✓ WCAG AA,✓ High,✓ High,"Jetpack Compose 10/10, Flutter 9/10",Android 12+,Low,"Design a Material You Android UI. Use: dynamic color system (tonal palette), M3 components, ripple effects, tonal elevation, NavigationBar, FAB. Personal and adaptive color.","color: dynamic/tonal; M3: components; ripple: interactions; elevation: tonal; FAB: primary action","☐ Dynamic color, ☐ M3 components, ☐ NavigationBar, ☐ FAB, ☐ Tonal elevation, ☐ Ripple","--dynamic: user color, --tonal: auto-palette, --M3: components, --ripple: interaction"
70,Dark Gaming Mobile,Mobile,"Mobile gaming, dark, aggressive, leaderboard, achievement, progression, battle","Neon Yellow #EAB308, Electric Blue #2563EB, Dark #111827","Neon Red #DC2626, Purple #7C3AED, Black","Achievement unlock, progression bar, battle animations, leaderboard slide-in","Mobile games, esports mobile, gaming apps","Healthcare, finance, children education, enterprise",⚠ Limited,✓ Full,⚠ Good,⚠ WCAG AA,⚠ Medium,✓ High,"Custom CSS 8/10, Unity WebGL",2015-Present,High,"Design a dark mobile gaming UI. Use: neon yellow/electric blue/dark palette, achievement unlock animations, XP progression bars, leaderboard, battle states, aggressive typography. Mobile game energy.","background: dark; neon: accent; achievement: animated; XP: progress bar; leaderboard: table; mobile: touch","☐ Dark base, ☐ Neon accents, ☐ Achievement system, ☐ XP bar, ☐ Leaderboard, ☐ Touch targets 44px","--neon-yellow: #EAB308, --electric: #2563EB, --dark: #111827, --achievement: animated"
71,Wellness Tracker (Mobile),Mobile,"Health tracking, steps, calories, sleep, heart rate, wellness metrics, progress","Fresh Green #22C55E, Ocean Blue #0EA5E9, Warm White","Peach #FED7AA, Lavender #DDD6FE, Energy Orange","Ring progress animations, metric count-up, streak celebrations, heart rate pulse","Fitness trackers, health apps, wellness, sleep apps","Gaming, enterprise, finance, professional tools",✓ Full,✓ Full,⚡ Excellent,✓ WCAG AA,✓ High,◐ Medium,"SwiftUI 9/10, React Native 8/10",2015-Present,Low,"Design a wellness mobile tracker UI. Use: fresh green/blue palette, circular progress rings, metric dashboards, streak counter, heart rate display, daily goals. Health-forward and motivating.","progress: ring SVG; metrics: card; streak: counter; heart-rate: pulse animation; goal: circle","☐ Progress rings, ☐ Metric cards, ☐ Streak display, ☐ Heart rate, ☐ Daily goals, ☐ Motivating feedback","--health-green: #22C55E, --ocean: #0EA5E9, --ring: circular, --streak: counter"
72,Food Delivery (Mobile),Mobile,"Food delivery, order tracking, restaurant browse, cart, delivery map, eta","Delivery Red #DC2626, Fresh Green #22C55E, White","Orange #F97316, Yellow #FACC15, Light backgrounds","Order status animation, map tracking, cart bounce, delivery ETA countdown, rating stars","Food delivery apps, restaurant ordering, grocery delivery","Enterprise, B2B, finance, developer tools",✓ Full,✓ Full,⚡ Excellent,✓ WCAG AA,✓ High,✓ High,"React Native 9/10, Tailwind 8/10",2015-Present,Low,"Design a food delivery mobile UI. Use: red/green delivery palette, live order tracking map, restaurant cards, cart interaction, ETA countdown, rating system. Fast and appetizing.","map: live tracking; cart: animated; ETA: countdown; restaurant: card; rating: stars; order: status","☐ Live map tracking, ☐ Restaurant cards, ☐ Cart interaction, ☐ ETA display, ☐ Rating system, ☐ Order status","--delivery-red: #DC2626, --fresh: #22C55E, --map: live, --cart: animated"
73,Finance Mobile,Mobile,"Personal finance, budgeting, spending, savings, investment, mobile banking","Trust Blue #1E40AF, Growth Green #16A34A, White","Alert Red #DC2626, Grey #6B7280, Gold #B8860B","Balance count-up, spending chart animate-in, budget progress ring, investment graph","Personal finance apps, budgeting, mobile banking, investment apps","Gaming, entertainment, children, casual consumers",✓ Full,✓ Full,⚡ Excellent,✓ WCAG AAA,✓ High,✓ High,"React Native 9/10, SwiftUI 8/10",2015-Present,Low,"Design a personal finance mobile UI. Use: trust blue/green palette, balance display, spending categories chart, budget rings, transaction history, savings goals. Financial clarity on mobile.","balance: prominent; chart: spending; budget: ring; transaction: list; goal: progress; font: tabular-nums","☐ Balance display, ☐ Spending chart, ☐ Budget rings, ☐ Transaction list, ☐ Savings goals, ☐ Tabular numbers","--trust-blue: #1E40AF, --growth: #16A34A, --balance: prominent, --tabular: nums"
74,Social Stories (Mobile),Mobile,"Stories, ephemeral, vertical video, Reels, TikTok, swipe up, full screen","Story gradient (brand), Black #000000, White #FFFFFF","Story ring colors, Reaction emoji palette","Story progress bar, swipe-up reveal, tap-to-next, reaction animations, story ring","Social media, story features, vertical video, ephemeral content","Long-form content, enterprise, data-heavy, desktop-first",⚠ Limited,✓ Full,⚡ Excellent,⚠ WCAG AA,✓ High,✓ High,"React Native 9/10, Custom CSS 8/10",2016-Present,Medium,"Design a mobile stories UI. Use: full-screen vertical format, story progress bar at top, tap-to-next/previous, swipe-up CTA, story ring avatars, reaction bar. Instagram/TikTok-style.","full-screen: 100vh; progress: top bar; tap: next/prev; swipe: up CTA; ring: story avatar; react: emoji","☐ Full-screen vertical, ☐ Progress bar, ☐ Tap navigation, ☐ Swipe-up, ☐ Story ring, ☐ Reactions","--full-screen: 100vh 100vw, --progress: top, --ring: story, --swipe: up"
75,Augmented Reality UI,Mobile,"AR, augmented reality, overlay, spatial, camera, real-world, anchored UI","Transparent overlays, AR Blue #00D4FF, White #FFFFFF","Spatial anchors, Warning Red, Info colors","AR anchor animations, spatial transitions, scan animations, world-space UI, AR placement","AR apps, spatial computing, camera apps, AR shopping","Traditional web, enterprise desktop, print, data tools",✓ Full,✓ Full,⚠ Good,⚠ WCAG AA,⚠ Medium,◐ Medium,"ARKit, ARCore, WebXR",2020s,High,"Design an AR augmented reality UI overlay. Use: transparent/minimal UI overlays for camera view, AR anchors, spatial UI elements, scan animations, world-space interactions. Camera-native.","overlay: transparent; anchor: AR; scan: animation; spatial: positioned; UI: minimal on camera","☐ Transparent overlays, ☐ AR anchors, ☐ Scan animation, ☐ World-space UI, ☐ Minimal occlusion, ☐ Camera integration","--overlay: transparent, --ar-blue: #00D4FF, --anchor: spatial, --scan: animated"
76,Wearable / Watch UI,Mobile,"Smartwatch, wearable, Apple Watch, Wear OS, tiny screen, glanceable, complications","Black #000000, White #FFFFFF, Accent (any)","Muted on-watch colors","Crown/digital crown interaction, complication animations, glanceable data, haptic feedback","Smartwatch apps, WatchOS, Wear OS, wearable displays","Complex data tools, desktop apps, long-form content",⚠ Limited,✓ Full,⚡ Excellent,✓ WCAG AA,✓ High,◐ Medium,"SwiftUI WatchKit 10/10",2015-Present,High,"Design a smartwatch wearable UI. Use: circular/rounded watch shape, glanceable data display, complications, minimal text, large tap targets for tiny screens, crown scroll interaction.","screen: circular 400px; font: large glanceable; complication: widget; touch: large targets","☐ Glanceable data, ☐ Complications, ☐ Minimal text, ☐ Large targets, ☐ Watch shape, ☐ Crown interaction","--watch-screen: circular, --font: glanceable, --complication: widget, --crown: scroll"
77,Tablet / iPad UI,Mobile,"Tablet, iPad, landscape, split view, sidebar, master-detail, multitasking","Any — tablet-optimized palette","Sidebar accent, Content area neutral","Split-view transitions, sidebar collapse, pointer hover (pencil), drag-drop, multitasking","iPad apps, tablet-first, enterprise tablet, educational tablets","Watch UI, tiny screens, purely mobile phone designs",✓ Full,✓ Full,⚡ Excellent,✓ WCAG AA,✓ High,◐ Medium,"SwiftUI 9/10, React Native Web 7/10",iPad era 2010+,Medium,"Design a tablet iPad UI. Use: master-detail split view, collapsible sidebar, landscape-first layout, Apple Pencil support, drag-drop, pointer hover states. iPad-native patterns.","split-view: master-detail; sidebar: collapsible; landscape: primary; pencil: hover; drag-drop: enabled","☐ Split view, ☐ Sidebar collapse, ☐ Landscape layout, ☐ Pencil support, ☐ Drag-drop, ☐ Multitasking","--sidebar: master, --content: detail, --landscape: primary, --pencil: hover"
78,Chat / Messaging (Mobile),Mobile,"Chat, messaging, bubbles, typing indicator, read receipts, reactions, voice messages","User Blue #2563EB, Received Grey #F3F4F6, White","Online Green, Error Red, Emoji palette","Typing indicator animation, message send animation, reaction pop, voice waveform, read receipt","Messaging apps, chat support, customer service, community apps","Data tools, enterprise desktop, print, documentation",✓ Full,✓ Full,⚡ Excellent,✓ WCAG AA,✓ High,◐ Medium,"React Native 9/10, Custom CSS 8/10",2012-Present,Low,"Design a mobile chat messaging UI. Use: message bubble system, typing indicator, read receipts, emoji reactions, voice message waveform, online status. WhatsApp/iMessage style.","bubble: sent/received; typing: animated dots; reaction: emoji pop; voice: waveform; status: online indicator","☐ Message bubbles, ☐ Typing indicator, ☐ Read receipts, ☐ Reactions, ☐ Voice waveform, ☐ Online status","--sent: blue bubble, --received: grey bubble, --typing: animated, --reaction: emoji"
79,Navigation / Maps (Mobile),Mobile,"Maps, navigation, GPS, route, directions, real-time, location","Map Blue #2563EB, Route Green #16A34A, Warning Orange #F97316","Map neutral greys, Traffic red, POI colors","Route animation, location pulse, ETA count-up, turn-by-turn transitions, traffic overlay","Navigation apps, maps, location services, ride-sharing","Static content, documentation, enterprise desktop, print",✓ Full,✓ Full,⚡ Excellent,✓ WCAG AA,✓ High,✓ High,"Mapbox, Google Maps SDK, React Native Maps",2007-Present,Medium,"Design a mobile maps navigation UI. Use: map as primary canvas, route overlay, turn-by-turn instructions, ETA display, location pulse, search bar, POI cards. Google Maps style.","map: full canvas; route: polyline; location: pulse; ETA: prominent; search: top; POI: card","☐ Map full canvas, ☐ Route display, ☐ Location pulse, ☐ ETA display, ☐ Turn-by-turn, ☐ POI cards","--route: #16A34A, --warning: #F97316, --location: pulse, --map: full-canvas"
80,E-commerce Mobile,Mobile,"Mobile shopping, product browse, cart, checkout, wishlist, filters, mobile commerce","Brand CTA color, Clean White, Trust Blue","Sale Red #EF4444, New badge, Premium Gold","Quick add animation, filter slide, product zoom, cart badge update, checkout flow","Mobile commerce, product apps, shopping apps, m-commerce","Enterprise B2B, developer tools, documentation",✓ Full,✓ Full,⚡ Excellent,✓ WCAG AA,✓ High,✓ High,"React Native 9/10, Tailwind Mobile 8/10",2015-Present,Low,"Design a mobile e-commerce UI. Use: product grid with large images, filter/sort system, quick-add to cart, wishlist, fast checkout, product zoom. Mobile-first commerce.","product: large image card; filter: bottom sheet; cart: badge; checkout: simplified; wishlist: heart","☐ Product grid, ☐ Filter sheet, ☐ Cart badge, ☐ Quick-add, ☐ Wishlist, ☐ Mobile checkout","--cta: prominent, --product: large card, --cart: badge, --filter: bottom sheet"
81,Onboarding / Splash (Mobile),Mobile,"Splash screen, onboarding, app intro, permissions, first launch, welcome flow","Primary brand colors","Neutral background, Illustration accents","Splash animation, onboarding swipe, permission explain, lottie intro, skip option","Mobile app launches, onboarding flows, permission screens, new user intro","Returning users, desktop apps, data-heavy tools",✓ Full,✓ Full,⚡ Excellent,✓ WCAG AA,✓ High,◐ Medium,"React Native + Lottie 9/10",Mobile App Era,Low,"Design a mobile onboarding splash flow. Use: animated splash screen, illustrated onboarding steps, permission explain screens, progress dots, skip option. First impression excellence.","splash: logo animation; onboard: swipe screens; permission: explain; progress: dots; skip: accessible","☐ Splash animation, ☐ Swipe onboarding, ☐ Permission screens, ☐ Progress dots, ☐ Skip option, ☐ Brand impression","--splash: logo, --dots: progress, --swipe: onboard, --permission: explain"
82,Ride-Sharing (Mobile),Mobile,"Ride sharing, taxi, driver, passenger, booking, live tracking, pickup, Uber-style","Uber Black #000000, Uber Green #76BC43, White #FFFFFF","Surge Orange #F97316, Map Blue, Status colors","Car approach animation, driver match, ETA countdown, map route live, rating submit","Ride-sharing apps, taxi apps, delivery tracking, logistics","Enterprise, finance, static content, desktop tools",✓ Full,✓ Full,⚡ Excellent,✓ WCAG AA,✓ High,✓ High,"React Native 9/10, Mapbox",2010s-Present,Medium,"Design a ride-sharing mobile UI. Use: map-first layout, driver matching animation, ETA countdown, car approach animation, rating flow, surge pricing indicator. Uber-style.","map: primary; driver: animated approach; ETA: countdown; rating: post-trip; surge: indicator","☐ Map-first, ☐ Driver matching, ☐ Car animation, ☐ ETA countdown, ☐ Rating flow, ☐ Surge pricing","--black: #000, --green: #76BC43, --surge: #F97316, --map: primary"
83,Enterprise SaaS (Mobile),Mobile,"enterprise, saas, b2b, professional, indigo, violet, gradient, productivity, dashboard, data, metrics, analytics, mobile, business","Indigo #4F46E5, Violet #7C3AED","White, Light grey #F8FAFC, Slate #64748B","Dashboard metric transitions, report filter slide, data table scroll, KPI count-up, chart animate-in","Enterprise mobile apps, B2B mobile platforms, business dashboard mobile","Consumer gaming, children, entertainment, creative",✓ Full,✓ Full,⚡ Excellent,✓ WCAG AA,✓ High,✓ High,"Tailwind 9/10, React Native 8/10",2020s Enterprise Mobile,Low,"Design an enterprise SaaS mobile UI. Use: indigo/violet professional palette, mobile dashboard with KPIs, collapsible sidebar, data table, report filters, metric charts. Business-first mobile.","color: indigo-violet; dashboard: mobile; KPI: cards; sidebar: collapsible; chart: mobile-optimized","☐ Mobile KPI cards, ☐ Collapsible sidebar, ☐ Data table scroll, ☐ Report filters, ☐ Chart mobile, ☐ Professional palette","--indigo: #4F46E5, --violet: #7C3AED, --slate: #64748B, --bg: #F8FAFC"
84,Sketch Hand-Drawn (Mobile),Mobile,"sketch, hand-drawn, handwriting, wobbly, imperfect, paper, kalidokit, mobile-first, educational, creative, doodle, illustration","Cream Paper #F9F5F0, Pencil Grey #6B6B6B","Highlight Yellow #FACC15, Marker Blue #3B82F6, Eraser Pink #FCA5A5","Pencil drawing animation, page flip, highlight sweep, erase interaction, sketch reveal","Educational mobile apps, creative tools, note-taking, sketch apps","Enterprise, finance, medical, professional tools",✓ Full,✓ Full,⚡ Excellent,⚠ WCAG AA,✓ High,◐ Medium,"React Native 8/10, Custom CSS 8/10",Illustration Culture,Medium,"Design a hand-drawn sketch mobile UI. Use: cream paper background, pencil-grey lines, wobbly hand-drawn borders, highlight yellow, sketch animation reveals, educational and creative feel.","background: cream paper; border: wobbly SVG; font: handwriting; animation: draw; highlight: sweep","☐ Paper texture bg, ☐ Wobbly borders, ☐ Handwriting font, ☐ Sketch animations, ☐ Highlight sweep, ☐ Creative feel","--paper: #F9F5F0, --pencil: #6B6B6B, --highlight: #FACC15, --wobbly: SVG border"
85,Neumorphism (Mobile),Mobile,"neumorphism, soft ui, dual shadow, extruded, inset, clay surface, mobile, soft-shadow, monochromatic","Soft White #E4EBF5, Light Grey #CBD5E1","Muted Blue #93C5FD, Soft Pink #FCA5A5, Pale Green #86EFAC","Dual shadow pressed/raised states, convex/concave toggle, touch ripple soft, depth on tap","Mobile calculators, toggles, music players, concept UIs","Accessibility-critical, high-contrast needed, dark mode required, enterprise",✓ Full,⚠ Challenging,⚡ Excellent,⚠ WCAG AA Only,◐ Medium,◐ Medium,"React Native 7/10, Custom CSS 8/10",2019-2021,Medium,"Design a neumorphic mobile UI. Use: soft grey-white base, dual box-shadow (light top-left, dark bottom-right), pressed inset state on tap, convex raised default. Tactile soft-shadow feel.","box-shadow: dual; background: #E4EBF5; border-radius: 20px; pressed: inset shadow; raised: outset shadow","☐ Dual shadow, ☐ Pressed state, ☐ Raised state, ☐ Monochromatic base, ☐ Touch feedback, ☐ No harsh edges","--soft-white: #E4EBF5, --shadow-dark: #b8bec7, --shadow-light: #fff, --pressed: inset"
